theta0,theta1
8499.59964993,-0.0214489635917
